{
  "integer": {
    "per_position": {
      "1": {
        "kl_bits_mean": 1.6322254734495742e-05,
        "kl_bits_std": 3.3150274018959375e-06,
        "mae_mean": 1.6402929759351537e-05,
        "tv_mean": 0.001862206916359034
      },
      "2": {
        "kl_bits_mean": 0.00045973918778959667,
        "kl_bits_std": 6.513828479490654e-05,
        "mae_mean": 0.013132277177646756,
        "tv_mean": 0.004611656962448785
      },
      "3": {
        "kl_bits_mean": 0.0031126654560458215,
        "kl_bits_std": 0.00020581591156745022,
        "mae_mean": 0.11465075425803661,
        "tv_mean": 0.027199603072156103
      },
      "4": {
        "kl_bits_mean": 0.0017572400104163789,
        "kl_bits_std": 5.426797922705628e-05,
        "mae_mean": 0.05408960860222578,
        "tv_mean": 0.007563415132662461
      },
      "5": {
        "kl_bits_mean": 0.0007205198821501387,
        "kl_bits_std": 0.00016903071598582542,
        "mae_mean": 0.009515054058283567,
        "tv_mean": 0.002006615671500197
      },
      "6": {
        "kl_bits_mean": 0.0011927730205463,
        "kl_bits_std": 0.001467336691389383,
        "mae_mean": 0.0011766775060095824,
        "tv_mean": 0.0012926478722679398
      },
      "7": {
        "kl_bits_mean": 0.00014370368181532153,
        "kl_bits_std": 7.878276923840513e-05,
        "mae_mean": 0.00107413119985722,
        "tv_mean": 0.001113887870430714
      },
      "8": {
        "kl_bits_mean": 0.00013965007489771548,
        "kl_bits_std": 8.456749812241798e-05,
        "mae_mean": 0.001085256750229746,
        "tv_mean": 0.0010620296228264806
      },
      "9": {
        "kl_bits_mean": 9.116710489833292e-05,
        "kl_bits_std": 6.786262990546722e-06,
        "mae_mean": 0.001007362880045548,
        "tv_mean": 0.0009972362451643878
      },
      "10": {
        "kl_bits_mean": 8.531391801466776e-05,
        "kl_bits_std": 4.875649196046648e-06,
        "mae_mean": 0.000966148276347667,
        "tv_mean": 0.000992453888160957
      },
      "11": {
        "kl_bits_mean": 8.123630319425421e-05,
        "kl_bits_std": 4.844445868687871e-06,
        "mae_mean": 0.0009326171275461093,
        "tv_mean": 0.0009619835173789909
      },
      "12": {
        "kl_bits_mean": 7.963679970246107e-05,
        "kl_bits_std": 4.620208526447257e-06,
        "mae_mean": 0.0009262296662200242,
        "tv_mean": 0.0009350355720411383
      },
      "13": {
        "kl_bits_mean": 8.14534362511015e-05,
        "kl_bits_std": 4.514534677019818e-06,
        "mae_mean": 0.0009366465237690136,
        "tv_mean": 0.0009178375647327725
      },
      "14": {
        "kl_bits_mean": 7.94995128011847e-05,
        "kl_bits_std": 3.970068431671909e-06,
        "mae_mean": 0.0009341796830995008,
        "tv_mean": 0.0008955858177942195
      },
      "15": {
        "kl_bits_mean": 8.008822219139961e-05,
        "kl_bits_std": 4.008169102963731e-06,
        "mae_mean": 0.0009408390178577974,
        "tv_mean": 0.0008949041438410469
      }
    },
    "seeds": [
      42,
      1337,
      2024,
      7
    ],
    "n_eval": 4000,
    "eval_seed": 12345
  },
  "opaque": {
    "per_position": {
      "1": {
        "kl_bits_mean": 0.00041219000750358493,
        "kl_bits_std": 0.00046919768432691575,
        "mae_mean": 0.0004125547848161659,
        "tv_mean": 0.008165949053466594
      },
      "2": {
        "kl_bits_mean": 0.0006883783855653883,
        "kl_bits_std": 0.0006340867170693023,
        "mae_mean": 0.006923624314367771,
        "tv_mean": 0.009686196682758984
      },
      "3": {
        "kl_bits_mean": 0.9711217801065333,
        "kl_bits_std": 0.0009359971728884276,
        "mae_mean": 0.9841253012418747,
        "tv_mean": 0.39292315760389335
      },
      "4": {
        "kl_bits_mean": 1.5164111580848305,
        "kl_bits_std": 0.0007330769561059154,
        "mae_mean": 1.5616357624530792,
        "tv_mean": 0.417703819382977
      },
      "5": {
        "kl_bits_mean": 1.4338541420894362,
        "kl_bits_std": 0.0008470774863922196,
        "mae_mean": 1.5818766057491302,
        "tv_mean": 0.40588479376339986
      },
      "6": {
        "kl_bits_mean": 1.3620963577631469,
        "kl_bits_std": 0.0014623839561019333,
        "mae_mean": 1.444358766078949,
        "tv_mean": 0.37787457460416846
      },
      "7": {
        "kl_bits_mean": 1.3088698041211546,
        "kl_bits_std": 0.002386813622674561,
        "mae_mean": 1.3897899389266968,
        "tv_mean": 0.367427662660625
      },
      "8": {
        "kl_bits_mean": 1.20131116756049,
        "kl_bits_std": 0.001965108565057775,
        "mae_mean": 1.2923997938632965,
        "tv_mean": 0.34065756404255165
      },
      "9": {
        "kl_bits_mean": 0.8435065713566094,
        "kl_bits_std": 0.0011693164489691677,
        "mae_mean": 0.9196856915950775,
        "tv_mean": 0.24921979124369334
      },
      "10": {
        "kl_bits_mean": 0.7439515083040376,
        "kl_bits_std": 0.0009922188503598951,
        "mae_mean": 0.7795541137456894,
        "tv_mean": 0.2273373435314566
      },
      "11": {
        "kl_bits_mean": 0.673021258806523,
        "kl_bits_std": 0.0017059236124608431,
        "mae_mean": 0.689405083656311,
        "tv_mean": 0.2166631880010859
      },
      "12": {
        "kl_bits_mean": 0.5925176002394605,
        "kl_bits_std": 0.0014139609050101071,
        "mae_mean": 0.6013838946819305,
        "tv_mean": 0.20486871083094535
      },
      "13": {
        "kl_bits_mean": 0.5008583455162394,
        "kl_bits_std": 0.0018136416173270863,
        "mae_mean": 0.5111056268215179,
        "tv_mean": 0.1904593758578032
      },
      "14": {
        "kl_bits_mean": 0.39537801822293217,
        "kl_bits_std": 0.001443732447043689,
        "mae_mean": 0.4038943648338318,
        "tv_mean": 0.16950456825013982
      },
      "15": {
        "kl_bits_mean": 0.2504993087654047,
        "kl_bits_std": 0.002556204003008282,
        "mae_mean": 0.2547634616494179,
        "tv_mean": 0.12834861822346186
      }
    },
    "seeds": [
      42,
      1337,
      2024,
      7
    ],
    "n_eval": 4000,
    "eval_seed": 12345
  }
}