{
  "mae_baseline_per_position": [
    0.0,
    0.00011315963451051658,
    0.007476727540972112,
    0.09729013644393128,
    0.10200015358678607,
    0.0068004180638190255,
    2.6540388597780584,
    3.472513990524964,
    3.4106374351260835,
    3.0518917899320597,
    3.4720645900600893,
    3.4228098344291342,
    3.3337742429705384,
    2.5881086593790914,
    3.3288935775508226,
    3.6052821194864806
  ],
  "mae_ablated_trained_per_position": [
    0.0,
    0.00011315963451051658,
    0.006509748752776943,
    0.07830890655750004,
    0.08651527223392838,
    0.010543583036456142,
    2.6540388597780584,
    3.472513990524964,
    3.4106374351260835,
    3.0518917899320597,
    3.4720645900600893,
    3.4228098344291342,
    3.3337742429705384,
    2.5881086593790914,
    3.3288935775508226,
    3.6052821194864806
  ],
  "mae_ablated_untrained_per_position": [
    0.0,
    0.00011315963451051658,
    0.007476727540972112,
    0.09729013644393128,
    0.10200015358678607,
    0.0068004180638190255,
    2.671524760880482,
    3.4886082333929775,
    3.432453401169703,
    3.062601754700089,
    3.4922608290891466,
    3.4337447733553828,
    3.359768552272955,
    2.608183935857285,
    3.3422507722911474,
    3.6212124877292657
  ],
  "trained_baseline": 0.042736119054003256,
  "trained_ablated": 0.03639813404303397,
  "untrained_baseline": 3.2340015099238575,
  "untrained_ablated": 3.2512609500739695
}