{
  "mae_baseline_per_position": [
    0.0,
    2.225778285646385e-05,
    0.004176329729805724,
    0.05669783597736113,
    0.08391484275534686,
    0.004789536921715799,
    2.5734348712668633,
    3.5126210133829754,
    3.418037577273427,
    3.115805033402399,
    3.353947032489238,
    3.390083672051936,
    3.2073253198472407,
    2.890947265611788,
    3.467972453031963,
    3.442282366919331
  ],
  "mae_ablated_trained_per_position": [
    0.0,
    2.225778285646385e-05,
    0.007611958710474718,
    0.044739125154095595,
    0.052437481401928866,
    0.0050878486052723625,
    2.5734348712668633,
    3.5126210133829754,
    3.418037577273427,
    3.115805033402399,
    3.353947032489238,
    3.390083672051936,
    3.2073253198472407,
    2.890947265611788,
    3.467972453031963,
    3.442282366919331
  ],
  "mae_ablated_untrained_per_position": [
    0.0,
    2.225778285646385e-05,
    0.004176329729805724,
    0.05669783597736113,
    0.08391484275534686,
    0.004789536921715799,
    2.601267100052244,
    3.5243105160459542,
    3.434701131782596,
    3.132606739528359,
    3.3751805307309906,
    3.4044542146191574,
    3.226317099194188,
    2.910362891360012,
    3.483703335079638,
    3.462473274405114
  ],
  "trained_baseline": 0.029920160633416255,
  "trained_ablated": 0.021979734330925847,
  "untrained_baseline": 3.23724566052784,
  "untrained_ablated": 3.25553768327995
}