{
  "mae_baseline_per_position": [
    0.0,
    0.00017668447677278464,
    0.0054101765363851724,
    0.10461873160351182,
    0.12108478499219424,
    0.009409717297363255,
    1.9393497073373884,
    3.2141073462878387,
    3.1648384217927727,
    3.062009850797163,
    3.17962722953606,
    3.2692259275534505,
    2.77138691496569,
    2.4136966903925594,
    2.8975508448531144,
    3.179949069816619
  ],
  "mae_ablated_trained_per_position": [
    0.0,
    0.00017668447677278464,
    0.006299105407028822,
    0.0873148053800681,
    0.10479623936979772,
    0.015292342786695135,
    1.9393497073373884,
    3.2141073462878387,
    3.1648384217927727,
    3.062009850797163,
    3.17962722953606,
    3.2692259275534505,
    2.77138691496569,
    2.4136966903925594,
    2.8975508448531144,
    3.179949069816619
  ],
  "mae_ablated_untrained_per_position": [
    0.0,
    0.00017668447677278464,
    0.0054101765363851724,
    0.10461873160351182,
    0.12108478499219424,
    0.009409717297363255,
    1.964185603098304,
    3.2342992030083226,
    3.1857517768247523,
    3.079543956414716,
    3.197493791257139,
    3.2803133476640394,
    2.7948259391682124,
    2.4325075588439313,
    2.9104855561147667,
    3.1917760149361563
  ],
  "trained_baseline": 0.048140018981244516,
  "trained_ablated": 0.04277583548407176,
  "untrained_baseline": 2.9091742003333727,
  "untrained_ablated": 2.9271182747331417
}