{
  "mae_baseline_per_position": [
    0.0,
    2.225778285646385e-05,
    0.004176329729805724,
    0.05669783597736113,
    0.08391484275534686,
    0.004789536921715799,
    2.5734348712668633,
    3.5126210133829754,
    3.418037577273427,
    3.115805033402399,
    3.353947032489238,
    3.390083672051936,
    3.2073253198472407,
    2.890947265611788,
    3.467972453031963,
    3.442282366919331
  ],
  "mae_ablated_trained_per_position": [
    0.0,
    2.225778285646385e-05,
    0.02522214049629722,
    0.4615347804254593,
    0.4243927513184545,
    0.12659952521747686,
    2.5734348712668633,
    3.5126210133829754,
    3.418037577273427,
    3.115805033402399,
    3.353947032489238,
    3.390083672051936,
    3.2073253198472407,
    2.890947265611788,
    3.467972453031963,
    3.442282366919331
  ],
  "mae_ablated_untrained_per_position": [
    0.0,
    2.225778285646385e-05,
    0.004176329729805724,
    0.05669783597736113,
    0.08391484275534686,
    0.004789536921715799,
    2.8539618591678173,
    3.5536972490535716,
    3.501922963197437,
    3.2130362398111,
    3.4482340953167343,
    3.4514606909422723,
    3.32457330515994,
    3.073701285363931,
    3.5371173805541285,
    3.5273685195334252
  ],
  "trained_baseline": 0.029920160633416255,
  "trained_ablated": 0.20755429104811254,
  "untrained_baseline": 3.23724566052784,
  "untrained_ablated": 3.348507358810164
}