{
  "mae_baseline_per_position": [
    0.0,
    2.225778285646385e-05,
    0.004176329729805724,
    0.05669783597736113,
    0.08391484275534686,
    0.004789536921715799,
    2.5734348712668633,
    3.5126210133829754,
    3.418037577273427,
    3.115805033402399,
    3.353947032489238,
    3.390083672051936,
    3.2073253198472407,
    2.890947265611788,
    3.467972453031963,
    3.442282366919331
  ],
  "mae_ablated_trained_per_position": [
    0.0,
    2.225778285646385e-05,
    0.007395297257227657,
    0.044574755684312455,
    0.05252380621011663,
    0.00510086473172318,
    2.5734348712668633,
    3.5126210133829754,
    3.418037577273427,
    3.115805033402399,
    3.353947032489238,
    3.390083672051936,
    3.2073253198472407,
    2.890947265611788,
    3.467972453031963,
    3.442282366919331
  ],
  "mae_ablated_untrained_per_position": [
    0.0,
    2.225778285646385e-05,
    0.004176329729805724,
    0.05669783597736113,
    0.08391484275534686,
    0.004789536921715799,
    2.601323494464426,
    3.524124285800908,
    3.434501301377182,
    3.132428065979735,
    3.3750210584964435,
    3.404353591216413,
    3.226239083894674,
    2.9102548952715597,
    3.4836679774665216,
    3.462470834869891
  ],
  "trained_baseline": 0.029920160633416255,
  "trained_ablated": 0.02192339633324753,
  "untrained_baseline": 3.23724566052784,
  "untrained_ablated": 3.2554384588839
}