{
  "mae_baseline_per_position": [
    0.0,
    2.225778285646385e-05,
    0.004176329729805724,
    0.05669783597736113,
    0.08391484275534686,
    0.004789536921715799,
    2.5734348712668633,
    3.5126210133829754,
    3.418037577273427,
    3.115805033402399,
    3.353947032489238,
    3.390083672051936,
    3.2073253198472407,
    2.890947265611788,
    3.467972453031963,
    3.442282366919331
  ],
  "mae_ablated_trained_per_position": [
    0.0,
    2.225778285646385e-05,
    0.007634960977358567,
    0.04476812433558488,
    0.05243461476375769,
    0.0050870315746041036,
    2.5734348712668633,
    3.5126210133829754,
    3.418037577273427,
    3.115805033402399,
    3.353947032489238,
    3.390083672051936,
    3.2073253198472407,
    2.890947265611788,
    3.467972453031963,
    3.442282366919331
  ],
  "mae_ablated_untrained_per_position": [
    0.0,
    2.225778285646385e-05,
    0.004176329729805724,
    0.05669783597736113,
    0.08391484275534686,
    0.004789536921715799,
    2.60126104066827,
    3.524329812234793,
    3.434722500473362,
    3.1326256766327405,
    3.3751974978674033,
    3.4044651379582116,
    3.2263254352064394,
    2.9103752242222556,
    3.4837073982761186,
    3.4624738142555573
  ],
  "trained_baseline": 0.029920160633416255,
  "trained_ablated": 0.021989397886832584,
  "untrained_baseline": 3.23724566052784,
  "untrained_ablated": 3.25554835377964
}