{
  "model": "EleutherAI/pythia-410m",
  "n_layers": 24,
  "key_orthogonality": {
    "layer_scores": [
      0.0299224853515625,
      0.0295867919921875,
      0.0291900634765625,
      0.02935791015625,
      0.030426025390625,
      0.029937744140625,
      0.0290679931640625,
      0.0294952392578125,
      0.030303955078125,
      0.0296173095703125,
      0.0294952392578125,
      0.0299224853515625,
      0.0294952392578125,
      0.0301361083984375,
      0.0296173095703125,
      0.0294647216796875,
      0.029571533203125,
      0.029541015625,
      0.0301055908203125,
      0.029144287109375,
      0.0302581787109375,
      0.0305938720703125,
      0.0291748046875,
      0.029510498046875
    ],
    "layer0_score": 0.0299224853515625,
    "mean_score": 0.02970568339029948
  },
  "value_manifold": {
    "pc1_variance": 0.14618369936943054,
    "pc2_variance": 0.1311841905117035,
    "pc1_entropy_correlation": -0.5934065934065934
  }
}