{
  "update": [
    {
      "checkpoint": "/home/vishal/bayesg/Model-Selection-BWT/experiments/results/extrapolation/horizon_integer_seed42/best_model.pt",
      "detail": {
        "p2->q8": {
          "none": 0.20703125,
          "update@0": 0.2421875,
          "full@0": 0.353515625,
          "update@1": 0.552734375,
          "full@1": 0.94140625,
          "update@2": 0.599609375,
          "full@2": 0.998046875,
          "update@3": 0.875,
          "full@3": 1.0
        },
        "p3->q9": {
          "none": 0.15234375,
          "update@0": 0.248046875,
          "full@0": 0.212890625,
          "update@1": 0.490234375,
          "full@1": 0.67578125,
          "update@2": 0.57421875,
          "full@2": 0.970703125,
          "update@3": 0.82421875,
          "full@3": 1.0
        },
        "p4->q10": {
          "none": 0.134765625,
          "update@0": 0.248046875,
          "full@0": 0.212890625,
          "update@1": 0.431640625,
          "full@1": 0.720703125,
          "update@2": 0.5234375,
          "full@2": 0.98046875,
          "update@3": 0.818359375,
          "full@3": 1.0
        }
      }
    },
    {
      "checkpoint": "/home/vishal/bayesg/Model-Selection-BWT/experiments/results/extrapolation/horizon_integer_seed1337/best_model.pt",
      "detail": {
        "p2->q8": {
          "none": 0.28125,
          "update@0": 0.333984375,
          "full@0": 0.419921875,
          "update@1": 0.607421875,
          "full@1": 0.91796875,
          "update@2": 0.509765625,
          "full@2": 0.98828125,
          "update@3": 0.822265625,
          "full@3": 1.0
        },
        "p3->q9": {
          "none": 0.17578125,
          "update@0": 0.294921875,
          "full@0": 0.265625,
          "update@1": 0.578125,
          "full@1": 0.8046875,
          "update@2": 0.462890625,
          "full@2": 0.96875,
          "update@3": 0.755859375,
          "full@3": 0.998046875
        },
        "p4->q10": {
          "none": 0.166015625,
          "update@0": 0.244140625,
          "full@0": 0.21875,
          "update@1": 0.478515625,
          "full@1": 0.662109375,
          "update@2": 0.5078125,
          "full@2": 0.916015625,
          "update@3": 0.798828125,
          "full@3": 0.99609375
        }
      }
    },
    {
      "checkpoint": "/home/vishal/bayesg/Model-Selection-BWT/experiments/results/extrapolation/horizon_integer_seed2024/best_model.pt",
      "detail": {
        "p2->q8": {
          "none": 0.24609375,
          "update@0": 0.435546875,
          "full@0": 0.615234375,
          "update@1": 0.552734375,
          "full@1": 0.96484375,
          "update@2": 0.53125,
          "full@2": 0.99609375,
          "update@3": 0.73828125,
          "full@3": 1.0
        },
        "p3->q9": {
          "none": 0.14453125,
          "update@0": 0.412109375,
          "full@0": 0.30859375,
          "update@1": 0.48046875,
          "full@1": 0.806640625,
          "update@2": 0.5078125,
          "full@2": 0.9765625,
          "update@3": 0.75,
          "full@3": 1.0
        },
        "p4->q10": {
          "none": 0.16015625,
          "update@0": 0.298828125,
          "full@0": 0.19140625,
          "update@1": 0.36328125,
          "full@1": 0.71875,
          "update@2": 0.5078125,
          "full@2": 0.970703125,
          "update@3": 0.70703125,
          "full@3": 0.998046875
        }
      }
    }
  ],
  "mismatch": [
    {
      "checkpoint": "/home/vishal/bayesg/Model-Selection-BWT/experiments/results/extrapolation/horizon_integer_seed42/best_model.pt",
      "detail": {
        "p2->q8": {
          "none_redirect": 0.05078125,
          "none_retain": 0.20703125,
          "full@0_redirect": 0.06640625,
          "full@0_retain": 0.265625,
          "update@0_redirect": 0.068359375,
          "update@0_retain": 0.16015625,
          "full@1_redirect": 0.796875,
          "full@1_retain": 0.048828125,
          "update@1_redirect": 0.2421875,
          "update@1_retain": 0.146484375,
          "full@2_redirect": 0.99609375,
          "full@2_retain": 0.0,
          "update@2_redirect": 0.390625,
          "update@2_retain": 0.080078125,
          "full@3_redirect": 1.0,
          "full@3_retain": 0.0,
          "update@3_redirect": 0.716796875,
          "update@3_retain": 0.064453125
        },
        "p3->q9": {
          "none_redirect": 0.060546875,
          "none_retain": 0.15234375,
          "full@0_redirect": 0.04296875,
          "full@0_retain": 0.142578125,
          "update@0_redirect": 0.08984375,
          "update@0_retain": 0.140625,
          "full@1_redirect": 0.486328125,
          "full@1_retain": 0.060546875,
          "update@1_redirect": 0.25,
          "update@1_retain": 0.12890625,
          "full@2_redirect": 0.93359375,
          "full@2_retain": 0.005859375,
          "update@2_redirect": 0.439453125,
          "update@2_retain": 0.064453125,
          "full@3_redirect": 1.0,
          "full@3_retain": 0.0,
          "update@3_redirect": 0.689453125,
          "update@3_retain": 0.068359375
        },
        "p4->q10": {
          "none_redirect": 0.046875,
          "none_retain": 0.134765625,
          "full@0_redirect": 0.076171875,
          "full@0_retain": 0.123046875,
          "update@0_redirect": 0.09765625,
          "update@0_retain": 0.115234375,
          "full@1_redirect": 0.55859375,
          "full@1_retain": 0.037109375,
          "update@1_redirect": 0.220703125,
          "update@1_retain": 0.10546875,
          "full@2_redirect": 0.943359375,
          "full@2_retain": 0.001953125,
          "update@2_redirect": 0.404296875,
          "update@2_retain": 0.037109375,
          "full@3_redirect": 1.0,
          "full@3_retain": 0.0,
          "update@3_redirect": 0.697265625,
          "update@3_retain": 0.064453125
        }
      }
    },
    {
      "checkpoint": "/home/vishal/bayesg/Model-Selection-BWT/experiments/results/extrapolation/horizon_integer_seed1337/best_model.pt",
      "detail": {
        "p2->q8": {
          "none_redirect": 0.05078125,
          "none_retain": 0.28125,
          "full@0_redirect": 0.08984375,
          "full@0_retain": 0.263671875,
          "update@0_redirect": 0.095703125,
          "update@0_retain": 0.244140625,
          "full@1_redirect": 0.7421875,
          "full@1_retain": 0.060546875,
          "update@1_redirect": 0.25,
          "update@1_retain": 0.232421875,
          "full@2_redirect": 0.984375,
          "full@2_retain": 0.001953125,
          "update@2_redirect": 0.365234375,
          "update@2_retain": 0.12109375,
          "full@3_redirect": 0.998046875,
          "full@3_retain": 0.0,
          "update@3_redirect": 0.6015625,
          "update@3_retain": 0.126953125
        },
        "p3->q9": {
          "none_redirect": 0.048828125,
          "none_retain": 0.17578125,
          "full@0_redirect": 0.07421875,
          "full@0_retain": 0.17578125,
          "update@0_redirect": 0.078125,
          "update@0_retain": 0.185546875,
          "full@1_redirect": 0.537109375,
          "full@1_retain": 0.0546875,
          "update@1_redirect": 0.306640625,
          "update@1_retain": 0.138671875,
          "full@2_redirect": 0.923828125,
          "full@2_retain": 0.0078125,
          "update@2_redirect": 0.33984375,
          "update@2_retain": 0.09375,
          "full@3_redirect": 1.0,
          "full@3_retain": 0.0,
          "update@3_redirect": 0.615234375,
          "update@3_retain": 0.091796875
        },
        "p4->q10": {
          "none_redirect": 0.048828125,
          "none_retain": 0.166015625,
          "full@0_redirect": 0.08984375,
          "full@0_retain": 0.13671875,
          "update@0_redirect": 0.109375,
          "update@0_retain": 0.1640625,
          "full@1_redirect": 0.5078125,
          "full@1_retain": 0.0546875,
          "update@1_redirect": 0.26953125,
          "update@1_retain": 0.134765625,
          "full@2_redirect": 0.900390625,