{
  "config": {
    "p": 31,
    "pi": 0.5,
    "seq_len": 16,
    "seed": 2024,
    "holdout_bucket": 2,
    "train_buckets": [
      0,
      1,
      3,
      4
    ],
    "n_buckets": 5,
    "bucket_counts": [
      5892,
      5759,
      5688,
      5711,
      5780
    ],
    "n_steps": 150000,
    "batch_size": 16,
    "lr": 0.0003,
    "arch": {
      "d_model": 192,
      "n_layers": 6,
      "n_heads": 6,
      "d_ff": 768,
      "dropout": 0.1
    },
    "device": "cuda:6",
    "eval_n_final": 20000,
    "eval_n_during": 1000,
    "early_stop_mae": 0.02
  },
  "best_step": 150000,
  "best_train_mae_during": 0.14981850109064312,
  "final_train_bucket": {
    "n_predictions": 300000,
    "kl_nats_mean": 0.06833854316781146,
    "kl_nats_std": 0.3393211471123596,
    "kl_bits_mean": 0.09859167732977794,
    "entropy_mae_bits_mean": 0.1548421932240667,
    "entropy_mae_bits_std": 0.5942547888389409,
    "tv_mean": 0.04621385433149275
  },
  "final_heldout_bucket": {
    "n_predictions": 300000,
    "kl_nats_mean": 0.14605490859431539,
    "kl_nats_std": 0.5101120720269215,
    "kl_bits_mean": 0.21071269232650966,
    "entropy_mae_bits_mean": 0.2795038108700684,
    "entropy_mae_bits_std": 0.8711469514568716,
    "tv_mean": 0.07488071446310152
  },
  "separation_kl_bits": 0.11212101499673172,
  "separation_mae_bits": 0.12466161764600173,
  "eval_history": [
    {
      "step": 10000,
      "train_bucket": {
        "n_predictions": 15000,
        "kl_nats_mean": 0.9499005745790688,
        "kl_nats_std": 1.4613741351356273,
        "kl_bits_mean": 1.3704168482827996,
        "entropy_mae_bits_mean": 1.4072353223005438,
        "entropy_mae_bits_std": 2.082728493035731,
        "tv_mean": 0.3063407292587441
      }
    },
    {
      "step": 20000,
      "train_bucket": {
        "n_predictions": 15000,
        "kl_nats_mean": 0.9746830532261267,
        "kl_nats_std": 1.4740226667100786,
        "kl_bits_mean": 1.4061704073278467,
        "entropy_mae_bits_mean": 1.439428285444026,
        "entropy_mae_bits_std": 2.101360129143891,
        "tv_mean": 0.31273245755439233
      }
    },
    {
      "step": 30000,
      "train_bucket": {
        "n_predictions": 15000,
        "kl_nats_mean": 0.841336649558024,
        "kl_nats_std": 1.3172105430644434,
        "kl_bits_mean": 1.213792212035497,
        "entropy_mae_bits_mean": 1.2723459946102116,
        "entropy_mae_bits_std": 1.9175078895145161,
        "tv_mean": 0.29991594820045925
      }
    },
    {
      "step": 40000,
      "train_bucket": {
        "n_predictions": 15000,
        "kl_nats_mean": 0.5459110115049849,
        "kl_nats_std": 0.9943437777974692,
        "kl_bits_mean": 0.7875831090649196,
        "entropy_mae_bits_mean": 0.9802880724369821,
        "entropy_mae_bits_std": 1.588664811697295,
        "tv_mean": 0.23846676839033434
      }
    },
    {
      "step": 50000,
      "train_bucket": {
        "n_predictions": 15000,
        "kl_nats_mean": 0.34646369799085197,
        "kl_nats_std": 0.7857362480198972,
        "kl_bits_mean": 0.4998414589394537,
        "entropy_mae_bits_mean": 0.654114685883245,
        "entropy_mae_bits_std": 1.3207008060599634,
        "tv_mean": 0.16909586856090422
      }
    },
    {
      "step": 60000,
      "train_bucket": {
        "n_predictions": 15000,
        "kl_nats_mean": 0.22355921303095663,
        "kl_nats_std": 0.6236840213989321,
        "kl_bits_mean": 0.3225277679848005,
        "entropy_mae_bits_mean": 0.4455136690162107,
        "entropy_mae_bits_std": 1.0826834354807822,
        "tv_mean": 0.11693115263919057
      }
    },
    {
      "step": 70000,
      "train_bucket": {
        "n_predictions": 15000,
        "kl_nats_mean": 0.17573144199649837,
        "kl_nats_std": 0.5533761744899377,
        "kl_bits_mean": 0.2535268798966147,
        "entropy_mae_bits_mean": 0.341991399821286,
        "entropy_mae_bits_std": 0.9321160315210801,
        "tv_mean": 0.09654540009317789
      }
    },
    {
      "step": 80000,
      "train_bucket": {
        "n_predictions": 15000,
        "kl_nats_mean": 0.13224559866979171,
        "kl_nats_std": 0.4734524391176403,
        "kl_bits_mean": 0.1907900693803006,
        "entropy_mae_bits_mean": 0.26202771681326853,
        "entropy_mae_bits_std": 0.7945464976224936,
        "tv_mean": 0.07673769285444138
      }
    },
    {
      "step": 90000,
      "train_bucket": {
        "n_predictions": 15000,
        "kl_nats_mean": 0.10644540505136697,
        "kl_nats_std": 0.4189892444646823,
        "kl_bits_mean": 0.15356825799302415,
        "entropy_mae_bits_mean": 0.21874110482619144,
        "entropy_mae_bits_std": 0.7139111516421668,
        "tv_mean": 0.06644577223306257
      }
    },
    {
      "step": 100000,
      "train_bucket": {
        "n_predictions": 15000,
        "kl_nats_mean": 0.09867670151439376,
        "kl_nats_std": 0.4110415199314171,
        "kl_bits_mean": 0.14236038792609634,
        "entropy_mae_bits_mean": 0.20077163925095637,
        "entropy_mae_bits_std": 0.6907537105728582,
        "tv_mean": 0.06098960563907931
      }
    },
    {
      "step": 110000,
      "train_bucket": {
        "n_predictions": 15000,
        "kl_nats_mean": 0.08526343267515542,
        "kl_nats_std": 0.3884366262427815,
        "kl_bits_mean": 0.12300913148961673,
        "entropy_mae_bits_mean": 0.18135199181124953,
        "entropy_mae_bits_std": 0.6444734250693893,
        "tv_mean": 0.054578312134472784
      }
    },
    {
      "step": 120000,
      "train_bucket": {
        "n_predictions": 15000,
        "kl_nats_mean": 0.08262473970664098,
        "kl_nats_std": 0.389097296281779,
        "kl_bits_mean": 0.11920230222951238,
        "entropy_mae_bits_mean": 0.17698305288488658,
        "entropy_mae_bits_std": 0.6487971665042479,
        "tv_mean": 0.051679229338218315
      }
    },
    {
      "step": 130000,
      "train_bucket": {
        "n_predictions": 15000,
        "kl_nats_mean": 0.07405841532167586,
        "kl_nats_std": 0.34979632595613064,
        "kl_bits_mean": 0.10684370852067698,
        "entropy_mae_bits_mean": 0.16445306533965248,
        "entropy_mae_bits_std": 0.6136914658512438,
        "tv_mean": 0.04914831159431945
      }
    },
    {
      "step": 140000,
      "train_bucket": {
        "n_predictions": 15000,
        "kl_nats_mean": 0.06486417053515758,
        "kl_nats_std": 0.31569052959009947,
        "kl_bits_mean": 0.09357921716244787,
        "entropy_mae_bits_mean": 0.1519006663870826,
        "entropy_mae_bits_std": 0.5769938787459074,
        "tv_mean": 0.04589453566372251
      }
    },
    {
      "step": 150000,
      "train_bucket": {
        "n_predictions": 15000,
        "kl_nats_mean": 0.0687295694363122,
        "kl_nats_std": 0.3548699148342322,
        "kl_bits_mean": 0.09915580898820128,
        "entropy_mae_bits_mean": 0.14981850109064312,
        "entropy_mae_bits_std": 0.5798813704285907,
        "tv_mean": 0.045895626944958544
      }
    }
  ],
  "final_loss": 2.0871070373654366,
  "wall_clock_sec": 11964.339766263962
}