{
  "config": {
    "checkpoint": "logs/bijection_v20_repl/ckpt_final.pt",
    "out": "experiments/jlens/artifacts/phase1",
    "n_seq": 512,
    "seq_chunk": 64,
    "V": 20,
    "L": 19,
    "min_horizon": 1,
    "seed": 777,
    "n_nulls": 1000,
    "probe_rank": 16,
    "device": "cuda",
    "reuse_gram": false
  },
  "format": "sepvocab",
  "is_mlp_control": false,
  "frame": {
    "calibration_mae_bits": 0.006685195956379175,
    "frame_head_by_ablation": 3,
    "ablation_maes": {
      "-1": 0.006685195956379175,
      "0": 0.11390472948551178,
      "1": 0.11550531536340714,
      "2": 0.1467140167951584,
      "3": 0.16236472129821777,
      "4": 0.14379853010177612,
      "5": 0.11810901015996933
    },
    "frame_head_by_orthogonality": 1,
    "orthogonality_scores": {
      "0": 0.45089977979660034,
      "1": 0.4327104687690735,
      "2": 0.4893604516983032,
      "3": 0.47498828172683716,
      "4": 0.4794215261936188,
      "5": 0.47107407450675964
    }
  },
  "null_stats": {
    "r4_key": {
      "projection": [
        0.10416618134453892,
        0.015347650405744411
      ],
      "cka": [
        0.046584532488591894,
        0.006863677920429346
      ]
    },
    "r4_value": {
      "projection": [
        0.10426396345719695,
        0.015035064031592747
      ],
      "cka": [
        0.04662826197876927,
        0.006723885044140685
      ]
    },
    "r4_embedding": {
      "projection": [
        0.1042326978072524,
        0.01568005346913192
      ],
      "cka": [
        0.04661427955504193,
        0.007012333089562075
      ]
    },
    "r8_key": {
      "projection": [
        0.10474634139984847,
        0.010784691132346228
      ],
      "cka": [
        0.0662474030786222,
        0.0068208375679269
      ]
    },
    "r8_value": {
      "projection": [
        0.10414225124567747,
        0.010636485041561087
      ],
      "cka": [
        0.06586534291876968,
        0.0067271038059287525
      ]
    },
    "r8_embedding": {
      "projection": [
        0.10390507739782333,
        0.010733725231308484
      ],
      "cka": [
        0.06571534100664062,
        0.006788603901870498
      ]
    },
    "r16_key": {
      "projection": [
        0.1044235044568777,
        0.007240894860444113
      ],
      "cka": [
        0.0933992217657323,
        0.006476453250352755
      ]
    },
    "r16_value": {
      "projection": [
        0.10439665876328945,
        0.007420619339871051
      ],
      "cka": [
        0.09337521024742573,
        0.006637203711640513
      ]
    },
    "r16_embedding": {
      "projection": [
        0.10425400963425636,
        0.007418466829594173
      ],
      "cka": [
        0.0932476209876461,
        0.006635278447919967
      ]
    }
  },
  "P1a": {
    "projection": {
      "null_mean": 0.10474634139984847,
      "per_layer_mean": {
        "emb": 0.2908,
        "0": 0.156,
        "1": 0.1775,
        "2": 0.1393,
        "3": 0.136,
        "4": 0.128,
        "5": 0.1035
      },
      "per_layer_ratio": {
        "emb": 2.78,
        "0": 1.49,
        "1": 1.69,
        "2": 1.33,
        "3": 1.3,
        "4": 1.22,
        "5": 0.99
      },
      "best_layer_ratio": 2.7766284398390297
    },
    "cka": {
      "null_mean": 0.0662474030786222,
      "per_layer_mean": {
        "emb": 0.1839,
        "0": 0.0987,
        "1": 0.1122,
        "2": 0.0881,
        "3": 0.086,
        "4": 0.0809,
        "5": 0.0655
      },
      "per_layer_ratio": {
        "emb": 2.78,
        "0": 1.49,
        "1": 1.69,
        "2": 1.33,
        "3": 1.3,
        "4": 1.22,
        "5": 0.99
      },
      "best_layer_ratio": 2.7766284398390297
    },
    "pass": false
  },
  "P1b": {
    "best_layer": "emb",
    "best_layer_mean_decode_value_positions": 1.0,
    "pass": true
  },
  "P3_preview": {
    "18": {
      "mean_acc": 0.5243506493506495,
      "min_acc": 0.4675324675324675,
      "n_probes": 20
    },
    "36": {
      "mean_acc": 0.9,
      "min_acc": 0.8636363636363636,
      "n_probes": 20
    }
  },
  "P1_pass": false
}