{
  "config": {
    "checkpoint": "logs/randinit_v20.pt",
    "out": "experiments/jlens/artifacts/phase1_randinit",
    "n_seq": 512,
    "seq_chunk": 64,
    "V": 20,
    "L": 19,
    "min_horizon": 1,
    "seed": 777,
    "n_nulls": 1000,
    "probe_rank": 16,
    "device": "cuda",
    "reuse_gram": false
  },
  "format": "sepvocab",
  "is_mlp_control": false,
  "frame": {
    "calibration_mae_bits": 2.8509721755981445,
    "frame_head_by_ablation": 4,
    "ablation_maes": {
      "-1": 2.8509721755981445,
      "0": 2.84645938873291,
      "1": 2.8449337482452393,
      "2": 2.849024534225464,
      "3": 2.848357915878296,
      "4": 2.855320930480957,
      "5": 2.8487045764923096
    },
    "frame_head_by_orthogonality": 0,
    "orthogonality_scores": {
      "0": 0.13179029524326324,
      "1": 0.14901317656040192,
      "2": 0.14052531123161316,
      "3": 0.16459421813488007,
      "4": 0.15061312913894653,
      "5": 0.15309640765190125
    }
  },
  "null_stats": {
    "r4_key": {
      "projection": [
        0.10422762786597013,
        0.01513605792338224
      ],
      "cka": [
        0.046612012208372106,
        0.006769050885611398
      ]
    },
    "r4_value": {
      "projection": [
        0.10340595994889736,
        0.015185482539036753
      ],
      "cka": [
        0.04624455114487103,
        0.006791154245684456
      ]
    },
    "r4_embedding": {
      "projection": [
        0.10419943995773792,
        0.01553821531731771
      ],
      "cka": [
        0.04659940619258195,
        0.006948901139710172
      ]
    },
    "r8_key": {
      "projection": [
        0.10451681737601758,
        0.010975697990312828
      ],
      "cka": [
        0.06610223934001573,
        0.006941640911904246
      ]
    },
    "r8_value": {
      "projection": [
        0.10437158929556609,
        0.010937492173962338
      ],
      "cka": [
        0.06601038903712754,
        0.006917477431997516
      ]
    },
    "r8_embedding": {
      "projection": [
        0.10477263896167278,
        0.010696841098430821
      ],
      "cka": [
        0.06626403511707699,
        0.006765276327987754
      ]
    },
    "r16_key": {
      "projection": [
        0.10443707390874624,
        0.007294481147440861
      ],
      "cka": [
        0.0934113586524505,
        0.006524382282507371
      ]
    },
    "r16_value": {
      "projection": [
        0.10432933246344328,
        0.0070107411170277955
      ],
      "cka": [
        0.0933149917741739,
        0.006270597484130783
      ]
    },
    "r16_embedding": {
      "projection": [
        0.10406520255655051,
        0.007384473384809638
      ],
      "cka": [
        0.09307874680349272,
        0.006604873786588925
      ]
    }
  },
  "P1a": {
    "projection": {
      "null_mean": 0.10451681737601758,
      "per_layer_mean": {
        "emb": 0.0972,
        "0": 0.1026,
        "1": 0.0896,
        "2": 0.0898,
        "3": 0.1094,
        "4": 0.109,
        "5": 0.1036
      },
      "per_layer_ratio": {
        "emb": 0.93,
        "0": 0.98,
        "1": 0.86,
        "2": 0.86,
        "3": 1.05,
        "4": 1.04,
        "5": 0.99
      },
      "best_layer_ratio": 1.0470769569449825
    },
    "cka": {
      "null_mean": 0.06610223934001573,
      "per_layer_mean": {
        "emb": 0.0615,
        "0": 0.0649,
        "1": 0.0566,
        "2": 0.0568,
        "3": 0.0692,
        "4": 0.0689,
        "5": 0.0655
      },
      "per_layer_ratio": {
        "emb": 0.93,
        "0": 0.98,
        "1": 0.86,
        "2": 0.86,
        "3": 1.05,
        "4": 1.04,
        "5": 0.99
      },
      "best_layer_ratio": 1.0470769569449825
    },
    "pass": false
  },
  "P1b": {
    "best_layer": "emb",
    "best_layer_mean_decode_value_positions": 1.0,
    "pass": true
  },
  "P3_preview": {
    "18": {
      "mean_acc": 0.5237012987012988,
      "min_acc": 0.42857142857142855,
      "n_probes": 20
    },
    "36": {
      "mean_acc": 0.9,
      "min_acc": 0.8636363636363636,
      "n_probes": 20
    }
  },
  "P1_pass": false
}