{
  "config": {
    "checkpoint": "logs/mlp_control_v20/ckpt_final.pt",
    "out": "experiments/jlens/artifacts/phase1_mlp",
    "n_seq": 512,
    "seq_chunk": 64,
    "V": 20,
    "L": 19,
    "min_horizon": 1,
    "seed": 777,
    "n_nulls": 1000,
    "probe_rank": 16,
    "device": "cuda",
    "reuse_gram": false
  },
  "format": "sepvocab",
  "is_mlp_control": true,
  "frame": {
    "calibration_mae_bits": 1.1073222160339355
  },
  "null_stats": {
    "r4_embedding": {
      "projection": [
        0.10406204590946436,
        0.01545603514917133
      ],
      "cka": [
        0.04653796170625324,
        0.006912149051234639
      ]
    },
    "r8_embedding": {
      "projection": [
        0.10390102357417345,
        0.01063527389605779
      ],
      "cka": [
        0.06571277714344737,
        0.006726337810255093
      ]
    },
    "r16_embedding": {
      "projection": [
        0.10413550376147032,
        0.007412556032280045
      ],
      "cka": [
        0.09314162611273306,
        0.006629991670081722
      ]
    }
  },
  "P1a": {
    "projection": {
      "null_mean": 0.10390102357417345,
      "per_layer_mean": {
        "emb": 0.1077,
        "0": 0.1077,
        "1": 0.1077,
        "2": 0.1077,
        "3": 0.1077,
        "4": 0.1077,
        "5": 0.1077,
        "6": 0.1077,
        "7": 0.1077,
        "8": 0.1077
      },
      "per_layer_ratio": {
        "emb": 1.04,
        "0": 1.04,
        "1": 1.04,
        "2": 1.04,
        "3": 1.04,
        "4": 1.04,
        "5": 1.04,
        "6": 1.04,
        "7": 1.04,
        "8": 1.04
      },
      "best_layer_ratio": 1.0366041252326366
    },
    "cka": {
      "null_mean": 0.06571277714344737,
      "per_layer_mean": {
        "emb": 0.0681,
        "0": 0.0681,
        "1": 0.0681,
        "2": 0.0681,
        "3": 0.0681,
        "4": 0.0681,
        "5": 0.0681,
        "6": 0.0681,
        "7": 0.0681,
        "8": 0.0681
      },
      "per_layer_ratio": {
        "emb": 1.04,
        "0": 1.04,
        "1": 1.04,
        "2": 1.04,
        "3": 1.04,
        "4": 1.04,
        "5": 1.04,
        "6": 1.04,
        "7": 1.04,
        "8": 1.04
      },
      "best_layer_ratio": 1.0366041252326363
    },
    "pass": false
  },
  "P1b": {
    "best_layer": "emb",
    "best_layer_mean_decode_value_positions": 1.0,
    "pass": true
  },
  "P3_preview": {
    "18": {
      "mean_acc": 0.5250000000000001,
      "min_acc": 0.38961038961038963,
      "n_probes": 20
    },
    "36": {
      "mean_acc": 0.9,
      "min_acc": 0.8636363636363636,
      "n_probes": 20
    }
  },
  "P1_pass": false
}