{
  "config": {
    "checkpoint": "logs/bijection_v20_repl/ckpt_final.pt",
    "gram": "experiments/jlens/artifacts/phase1/gram.pt",
    "out": "experiments/jlens/artifacts/phase2",
    "n_seq": 256,
    "V": 20,
    "L": 19,
    "seed": 888,
    "device": "cuda"
  },
  "baseline_mae_bits": 0.00662962393835187,
  "frame_head": "L0H3",
  "delta_mae": {
    "L0H0": 0.10791920823976398,
    "L0H1": 0.10745841218158603,
    "L0H2": 0.13496514363214374,
    "L0H3": 0.1496463785879314,
    "L0H4": 0.1395857105962932,
    "L0H5": 0.11349785281345248,
    "L1H0": 0.08862174255773425,
    "L1H1": 0.07991725159808993,
    "L1H2": -1.1119991540908813e-06,
    "L1H3": 0.11630757851526141,
    "L1H4": -0.0016270936466753483,
    "L1H5": -0.0022819573059678078,
    "L2H0": 1.5888363122940063e-06,
    "L2H1": 5.442136898636818e-05,
    "L2H2": -2.2863037884235382e-05,
    "L2H3": 2.6710331439971924e-06,
    "L2H4": 0.00034600868821144104,
    "L2H5": -0.00011924561113119125,
    "L3H0": 3.955792635679245e-06,
    "L3H1": 1.6726553440093994e-06,
    "L3H2": 3.4351833164691925e-06,
    "L3H3": 1.0546762496232986e-05,
    "L3H4": 3.825407475233078e-06,
    "L3H5": 1.0635703802108765e-06,
    "L4H0": 4.116445779800415e-07,
    "L4H1": 4.590488970279694e-06,
    "L4H2": 1.9706785678863525e-06,
    "L4H3": 1.8272548913955688e-06,
    "L4H4": 1.173047348856926e-05,
    "L4H5": 9.21124592423439e-06,
    "L5H0": 4.5495107769966125e-06,
    "L5H1": 2.6491470634937286e-06,
    "L5H2": 2.694781869649887e-06,
    "L5H3": 7.967464625835419e-07,
    "L5H4": 2.039596438407898e-07,
    "L5H5": 3.608874976634979e-07
  },
  "writes": {
    "emb": {
      "connectivity": 0.1785273402929306,
      "write_norm": 8.97673511505127
    },
    "L0H0": {
      "connectivity": 0.11761890351772308,
      "write_norm": 3.3869476318359375
    },
    "L0H1": {
      "connectivity": 0.11753613501787186,
      "write_norm": 3.5735859870910645
    },
    "L0H2": {
      "connectivity": 0.12528863549232483,
      "write_norm": 3.9949634075164795
    },
    "L0H3": {
      "connectivity": 0.14873415231704712,
      "write_norm": 3.9283089637756348
    },
    "L0H4": {
      "connectivity": 0.13196299970149994,
      "write_norm": 3.742438554763794
    },
    "L0H5": {
      "connectivity": 0.13420242071151733,
      "write_norm": 3.5100812911987305
    },
    "L0MLP": {
      "connectivity": 0.4421990215778351,
      "write_norm": 3.4818174839019775
    },
    "L1H0": {
      "connectivity": 0.1295209378004074,
      "write_norm": 2.7617127895355225
    },
    "L1H1": {
      "connectivity": 0.17939914762973785,
      "write_norm": 3.028615951538086
    },
    "L1H2": {
      "connectivity": 0.5147170424461365,
      "write_norm": 1.2027345895767212
    },
    "L1H3": {
      "connectivity": 0.44670647382736206,
      "write_norm": 4.535701751708984
    },
    "L1H4": {
      "connectivity": 0.45190805196762085,
      "write_norm": 0.9339905977249146
    },
    "L1H5": {
      "connectivity": 0.46092891693115234,
      "write_norm": 1.015632152557373
    },
    "L1MLP": {
      "connectivity": 0.568057119846344,
      "write_norm": 11.821883201599121
    },
    "L2H0": {
      "connectivity": 0.4684079885482788,
      "write_norm": 0.011052929796278477
    },
    "L2H1": {
      "connectivity": 0.6760382652282715,
      "write_norm": 0.03948354348540306
    },
    "L2H2": {
      "connectivity": 0.7735254168510437,
      "write_norm": 0.07805818319320679
    },
    "L2H3": {
      "connectivity": 0.5086074471473694,
      "write_norm": 0.017903584986925125
    },
    "L2H4": {
      "connectivity": 0.8402883410453796,
      "write_norm": 0.3396061956882477
    },
    "L2H5": {
      "connectivity": 0.3324213922023773,
      "write_norm": 0.3318692743778229
    },
    "L2MLP": {
      "connectivity": 0.829929769039154,
      "write_norm": 4.627646446228027
    },
    "L3H0": {
      "connectivity": 0.5338989496231079,
      "write_norm": 0.01455659605562687
    },
    "L3H1": {
      "connectivity": 0.5034246444702148,
      "write_norm": 0.01481648813933134
    },
    "L3H2": {
      "connectivity": 0.5829888582229614,
      "write_norm": 0.023762667551636696
    },
    "L3H3": {
      "connectivity": 0.3081109821796417,
      "write_norm": 0.027002302929759026
    },
    "L3H4": {
      "connectivity": 0.45270517468452454,
      "write_norm": 0.016827601939439774
    },
    "L3H5": {
      "connectivity": 0.4127969443798065,
      "write_norm": 0.012286379933357239
    },
    "L3MLP": {
      "connectivity": 0.7710396647453308,
      "write_norm": 0.9407288432121277
    },
    "L4H0": {
      "connectivity": 0.3979422450065613,
      "write_norm": 0.02721315249800682
    },
    "L4H1": {
      "connectivity": 0.42473864555358887,
      "write_norm": 0.04342173412442207
    },
    "L4H2": {
      "connectivity": 0.4334222376346588,
      "write_norm": 0.05961090698838234
    },
    "L4H3": {
      "connectivity": 0.3508830964565277,
      "write_norm": 0.021586475893855095
    },
    "L4H4": {
      "connectivity": 0.5023448467254639,
      "write_norm": 0.06400102376937866
    },
    "L4H5": {
      "connectivity": 0.48076996207237244,
      "write_norm": 0.037071261554956436
    },
    "L4MLP": {
      "connectivity": 0.4878884255886078,
      "write_norm": 0.5805941224098206
    },
    "L5H0": {
      "connectivity": 0.1756831258535385,
      "write_norm": 0.05149466171860695
    },
    "L5H1": {
      "connectivity": 0.1663956195116043,
      "write_norm": 0.09175500273704529
    },
    "L5H2": {
      "connectivity": 0.18674153089523315,
      "write_norm": 0.08003115653991699
    },
    "L5H3": {
      "connectivity": 0.21621468663215637,
      "write_norm": 0.05625278130173683
    },
    "L5H4": {
      "connectivity": 0.20728068053722382,
      "write_norm": 0.04893184080719948
    },
    "L5H5": {
      "connectivity": 0.20121563971042633,
      "write_norm": 0.0722312182188034
    },
    "L5MLP": {
      "connectivity": 0.1766345351934433,
      "write_norm": 0.8482714295387268
    }
  },
  "writes_frame_basis": {
    "emb": {
      "connectivity": 0.26032841205596924,
      "write_norm": 8.97673511505127
    },
    "L0H0": {
      "connectivity": 0.7822601199150085,
      "write_norm": 3.3869476318359375
    },
    "L0H1": {
      "connectivity": 0.7832697033882141,
      "write_norm": 3.5735859870910645
    },
    "L0H2": {
      "connectivity": 0.7875853180885315,
      "write_norm": 3.9949634075164795
    },
    "L0H3": {
      "connectivity": 0.7694100141525269,
      "write_norm": 3.9283089637756348
    },
    "L0H4": {
      "connectivity": 0.8028740286827087,
      "write_norm": 3.742438554763794
    },
    "L0H5": {
      "connectivity": 0.8136854767799377,
      "write_norm": 3.5100812911987305
    },
    "L0MLP": {
      "connectivity": 0.628280758857727,
      "write_norm": 3.4818174839019775
    },
    "L1H0": {
      "connectivity": 0.7449761629104614,
      "write_norm": 2.7617127895355225
    },
    "L1H1": {
      "connectivity": 0.8380675315856934,
      "write_norm": 3.028615951538086
    },
    "L1H2": {
      "connectivity": 0.6275800466537476,
      "write_norm": 1.2027345895767212
    },
    "L1H3": {
      "connectivity": 0.7731092572212219,
      "write_norm": 4.535701751708984
    },
    "L1H4": {
      "connectivity": 0.6601415872573853,
      "write_norm": 0.9339905977249146
    },
    "L1H5": {
      "connectivity": 0.6408787369728088,
      "write_norm": 1.015632152557373
    },
    "L1MLP": {
      "connectivity": 0.6989690661430359,
      "write_norm": 11.821883201599121
    },
    "L2H0": {
      "connectivity": 0.14131741225719452,
      "write_norm": 0.011052929796278477
    },
    "L2H1": {
      "connectivity": 0.4109099209308624,
      "write_norm": 0.03948354348540306
    },
    "L2H2": {
      "connectivity": 0.1254311054944992,
      "write_norm": 0.07805818319320679
    },
    "L2H3": {
      "connectivity": 0.21197381615638733,