{
  "bij-Afrozen": {
    "final_mae": [
      0.0027453682851046324,
      0.00259071821346879,
      0.0026545291766524315
    ],
    "steps_to_0.05": [
      1000,
      1500,
      1000
    ],
    "steps_to_0.02": [
      4000,
      4000,
      4500
    ]
  },
  "bij-Arouting": {
    "final_mae": [
      0.00252711889334023,
      0.0024339663796126842,
      0.0025042258203029633
    ],
    "steps_to_0.05": [
      2500,
      2500,
      1000
    ],
    "steps_to_0.02": [
      5500,
      5500,
      4500
    ]
  },
  "bij-Atrain": {
    "final_mae": [
      0.0021309619769454002,
      0.0021109820809215307,
      0.00214251596480608
    ],
    "steps_to_0.05": [
      2000,
      1000,
      1000
    ],
    "steps_to_0.02": [
      4500,
      4000,
      4500
    ]
  },
  "bij-Bfreeze": {
    "final_mae": [
      0.0027920580469071865,
      0.0030289837159216404,
      0.0027548614889383316
    ],
    "steps_to_0.05": [
      3000,
      2000,
      2000
    ],
    "steps_to_0.02": [
      4500,
      4500,
      4500
    ]
  },
  "bij-C5": {
    "final_mae": [
      0.00714564323425293,
      0.00785037036985159,
      0.007174160331487656
    ],
    "steps_to_0.05": [
      2500,
      2000,
      2000
    ],
    "steps_to_0.02": [
      11500,
      11500,
      12000
    ]
  },
  "bij-base": {
    "final_mae": [
      0.0021972290705889463,
      0.0022007457446306944,
      0.002213616156950593
    ],
    "steps_to_0.05": [
      2500,
      2000,
      2000
    ],
    "steps_to_0.02": [
      4500,
      4500,
      4500
    ]
  },
  "bind-Afrozen": {
    "final_mae": [
      0.011840659193694592,
      0.012396778911352158,
      0.008590889163315296
    ],
    "steps_to_0.05": [
      12000,
      13000,
      12000
    ],
    "steps_to_0.02": [
      15500,
      16500,
      14500
    ]
  },
  "bind-Arouting": {
    "final_mae": [
      0.0012823987053707242,
      0.00103241007309407,
      0.005802609957754612
    ],
    "steps_to_0.05": [
      8000,
      8000,
      11000
    ],
    "steps_to_0.02": [
      9500,
      10000,
      13000
    ]
  },
  "bind-Atrain": {
    "final_mae": [
      8.655086276121438e-05,
      7.260819984367117e-05,
      8.890295430319384e-05
    ],
    "steps_to_0.05": [
      3000,
      3500,
      3500
    ],
    "steps_to_0.02": [
      4000,
      4500,
      4000
    ]
  },
  "bind-base": {
    "final_mae": [
      9.319001401308924e-05,
      8.694344433024526e-05,
      0.00010755283437902108
    ],
    "steps_to_0.05": [
      3000,
      3000,
      3000
    ],
    "steps_to_0.02": [
      4000,
      4500,
      4500
    ]
  }
}