{
  "bijection_v256_test": {
    "checkpoint": "logs/bijection_v256_test/ckpt_final.pt",
    "variant": "paired_query",
    "V": 256,
    "L": 100,
    "baseline_mae": 7.607284951210022,
    "delta_mae": {
      "L0H0": -0.049126577377319514,
      "L0H1": -0.28644524812698346,
      "L0H2": -0.05707669258117676,
      "L0H3": -0.022975873947143732,
      "L0H4": -0.591581177711487,
      "L0H5": -0.43984725475311226,
      "L1H0": -0.0031302213668817913,
      "L1H1": -5.582672062516212,
      "L1H2": -0.029642224311828613,
      "L1H3": -0.011744403839110795,
      "L1H4": -0.033408284187316895,
      "L1H5": -0.006847095489502131,
      "L2H0": 0.0018575668334959161,
      "L2H1": 0.002387261390686568,
      "L2H2": 0.0013234853744510389,
      "L2H3": 0.0008781433105466974,
      "L2H4": 0.00010890960693377139,
      "L2H5": 0.001752471923828658,
      "L3H0": 0.002474403381348189,
      "L3H1": 0.003203415870666859,
      "L3H2": 0.0009653568267822266,
      "L3H3": 0.00904362201690656,
      "L3H4": 0.0035430192947387695,
      "L3H5": 0.0060783147811891425,
      "L4H0": 0.011881279945373358,
      "L4H1": 0.020428371429443537,
      "L4H2": 0.00996751785278338,
      "L4H3": 0.016948032379150213,
      "L4H4": 0.0059781312942508436,
      "L4H5": 0.018137073516846236,
      "L5H0": -0.00034282207488978145,
      "L5H1": 0.0034928083419805134,
      "L5H2": 0.009060263633728027,
      "L5H3": -7.34567642206585e-05,
      "L5H4": -0.0010499715805050158,
      "L5H5": -0.0005761384963989258
    },
    "concentration": {
      "top_head": "L4H1",
      "top_delta": 0.020428371429443537,
      "second_head": "L4H5",
      "second_delta": 0.018137073516846236,
      "top_over_second": 1.126332283456263,
      "n_heads_above_half_top": 4,
      "l0_top": "L0H3",
      "single_head_concentrated": false
    }
  },
  "bijection_v64_highL": {
    "checkpoint": "logs/bijection_v64_highL/ckpt_final.pt",
    "variant": "paired_query",
    "V": 64,
    "L": 63,
    "baseline_mae": 1.2524882711115337,
    "delta_mae": {
      "L0H0": -0.010712519997642111,
      "L0H1": -0.007946322006838535,
      "L0H2": -0.004339007394654315,
      "L0H3": 0.0008901613099234762,
      "L0H4": 0.010036877223423613,
      "L0H5": 0.0006935866106123623,
      "L0H6": 0.0025727426012358556,
      "L0H7": -0.0024884275737262485,
      "L1H0": -0.014368099825722735,
      "L1H1": -0.012005047074385988,
      "L1H2": -0.009618335891337537,
      "L1H3": -0.014050728863193918,
      "L1H4": -0.006960859256131213,
      "L1H5": -0.002408379600161492,
      "L1H6": -0.010113827174618173,
      "L1H7": -0.014497290409746677,
      "L2H0": 0.009616947599819792,
      "L2H1": 0.00552697976430272,
      "L2H2": -0.0020454345004898844,
      "L2H3": 0.0007920712232589722,
      "L2H4": 0.004610845020839083,
      "L2H5": 0.0021027951013474766,
      "L2H6": -0.00566375326542623,
      "L2H7": -0.005348522748265916,
      "L3H0": -0.0008841274040085612,
      "L3H1": -0.00041029744205012264,
      "L3H2": 0.0009659773537091798,
      "L3H3": 0.0012137932436806498,
      "L3H4": 0.0005585462564514643,
      "L3H5": 0.0001446132858595739,
      "L3H6": 0.0044177078774998435,
      "L3H7": 0.0019230494896571582,
      "L4H0": -0.014116872279416937,
      "L4H1": -0.0004506951996257058,
      "L4H2": -0.013442289261590856,
      "L4H3": 0.0010524413415364808,
      "L4H4": 0.0039469624559085315,
      "L4H5": -0.014005322896298855,
      "L4H6": -0.006674448649088394,
      "L4H7": -0.005455623779978103,
      "L5H0": -0.005631733508337122,
      "L5H1": -0.028477486400377172,
      "L5H2": -0.021775199189072447,
      "L5H3": -0.012333634708608932,
      "L5H4": -0.008782051503658295,
      "L5H5": -0.010384551471187997,
      "L5H6": -0.017825429638226753,
      "L5H7": -0.018479598420006793
    },
    "concentration": {
      "top_head": "L0H4",
      "top_delta": 0.010036877223423613,
      "second_head": "L2H0",
      "second_delta": 0.009616947599819792,
      "top_over_second": 1.0436655829976331,
      "n_heads_above_half_top": 3,
      "l0_top": "L0H4",
      "single_head_concentrated": false
    }
  },
  "bijection_v20_repl": {
    "checkpoint": "logs/bijection_v20_repl/ckpt_final.pt",
    "variant": "sepvocab",
    "V": 20,
    "L": 19,
    "baseline_mae": 0.006649804767221212,
    "delta_mae": {
      "L0H0": 0.10588717693462968,
      "L0H1": 0.10321734333410859,
      "L0H2": 0.13552749389782548,
      "L0H3": 0.15670195454731584,
      "L0H4": 0.1388609134592116,
      "L0H5": 0.10819858545437455,
      "L1H0": 0.09022426092997193,
      "L1H1": 0.08068962628021836,
      "L1H2": -0.00016825739294290543,
      "L1H3": 0.1182331913150847,
      "L1H4": -0.0013360562734305859,
      "L1H5": -0.002402279060333967,
      "L2H0": 1.753680408000946e-06,
      "L2H1": 5.3962692618370056e-05,
      "L2H2": -2.1604355424642563e-05,
      "L2H3": 2.7008354663848877e-06,
      "L2H4": 0.00034214090555906296,
      "L2H5": -0.00012624356895685196,
      "L3H0": 3.868713974952698e-06,
      "L3H1": 1.6391277313232422e-06,
      "L3H2": 3.3490359783172607e-06,
      "L3H3": 1.04513019323349e-05,
      "L3H4": 3.914348781108856e-06,
      "L3H5": 8.931383490562439e-07,
      "L4H0": -7.82310962677002e-08,
      "L4H1": 4.26173210144043e-06,
      "L4H2": 2.127140760421753e-06,
      "L4H3": 1.4295801520347595e-06,
      "L4H4": 1.1877156794071198e-05,
      "L4H5": 8.14627856016159e-06,
      "L5H0": 2.6812776923179626e-06,
      "L5H1": 1.0640360414981842e-06,
      "L5H2": 2.6365742087364197e-06,
      "L5H3": 1.6158446669578552e-07,
      "L5H4": -5.387701094150543e-07,
      "L5H5": -2.5080516934394836e-06
    },
    "concentration": {
      "top_head": "L0H3",
      "top_delta": 0.15670195454731584,
      "second_head": "L0H4",
      "second_delta": 0.1388609134592116,
      "top_over_second": 1.1284813749503728,
      "n_heads_above_half_top": 9,
      "l0_top": "L0H3",
      "single_head_concentrated": false
    }
  }
}