{
  "bijection_v20_paired_v2": {
    "checkpoint": "logs/bijection_v20_paired_v2/ckpt_final.pt",
    "variant": "paired_query",
    "V": 20,
    "L": 19,
    "baseline_mae": 0.01691624179090324,
    "delta_mae": {
      "L0H0": -0.0004930817277023665,
      "L0H1": 0.0009366708170426528,
      "L0H2": 0.002568759318245087,
      "L0H3": 0.0007480610358087669,
      "L0H4": -8.853250428249998e-05,
      "L0H5": 0.0007821894005725256,
      "L1H0": -4.815231812626414e-06,
      "L1H1": -3.074736971604014e-06,
      "L1H2": -2.949547610785197e-06,
      "L1H3": -1.945777943258148e-06,
      "L1H4": 4.561617970466614e-06,
      "L1H5": -1.1424779107694488e-05,
      "L2H0": -1.1817012962531126e-06,
      "L2H1": 2.0244011753739466e-07,
      "L2H2": 3.922338548470461e-07,
      "L2H3": -1.0822948656556697e-06,
      "L2H4": -1.0828830693879188e-06,
      "L2H5": -8.828938007354736e-07,
      "L3H0": -1.941758551095296e-06,
      "L3H1": -2.7066194697410173e-06,
      "L3H2": 3.617452947954347e-08,
      "L3H3": 0.00019170834045661306,
      "L3H4": -6.546707529767049e-07,
      "L3H5": -7.928986298401386e-07,
      "L4H0": 6.166237749551107e-06,
      "L4H1": 3.8379999367815776e-05,
      "L4H2": 1.7353970753544723e-06,
      "L4H3": 0.00019503306401403436,
      "L4H4": 2.73024565295224e-06,
      "L4H5": 9.015790726009387e-05,
      "L5H0": 3.811462145102834e-06,
      "L5H1": -4.7389613954534893e-07,
      "L5H2": 2.8355341208617657e-06,
      "L5H3": 2.9192551186212057e-06,
      "L5H4": 5.636952425305125e-06,
      "L5H5": 0.00023067840620091123
    },
    "concentration": {
      "top_head": "L0H2",
      "top_delta": 0.002568759318245087,
      "second_head": "L0H1",
      "second_delta": 0.0009366708170426528,
      "top_over_second": 2.7424355189749807,
      "n_heads_above_half_top": 1,
      "l0_top": "L0H2",
      "single_head_concentrated": true
    }
  }
}