{
  "model": "EleutherAI/pythia-410m",
  "n_prompts": 150,
  "pc1_variance": 0.2640845775604248,
  "pc2_variance": 0.11259590089321136,
  "pc1_entropy_correlation": -0.7653537745592404
}